Snapshot Date,Date,Tank,Consumed (L)
26/09/2026,01/09/2026,Tank 1,0
26/09/2026,02/09/2026,Tank 1,36484
26/09/2026,03/09/2026,Tank 1,22727
26/09/2026,04/09/2026,Tank 1,0
26/09/2026,05/09/2026,Tank 1,19077
26/09/2026,06/09/2026,Tank 1,18500
26/09/2026,07/09/2026,Tank 1,0
26/09/2026,08/09/2026,Tank 1,0
26/09/2026,09/09/2026,Tank 1,11917
26/09/2026,10/09/2026,Tank 1,13202
26/09/2026,11/09/2026,Tank 1,0
26/09/2026,12/09/2026,Tank 1,12222
26/09/2026,13/09/2026,Tank 1,19719
26/09/2026,14/09/2026,Tank 1,0
26/09/2026,15/09/2026,Tank 1,11968
26/09/2026,16/09/2026,Tank 1,0
26/09/2026,17/09/2026,Tank 1,12242
26/09/2026,18/09/2026,Tank 1,17282
26/09/2026,19/09/2026,Tank 1,21609
26/09/2026,20/09/2026,Tank 1,0
26/09/2026,21/09/2026,Tank 1,11797
26/09/2026,22/09/2026,Tank 1,13229
26/09/2026,23/09/2026,Tank 1,0
26/09/2026,24/09/2026,Tank 1,17456
26/09/2026,25/09/2026,Tank 1,0
26/09/2026,26/09/2026,Tank 1,15177
26/09/2026,27/09/2026,Tank 1,1407
26/09/2026,01/09/2026,Tank 2,0
26/09/2026,02/09/2026,Tank 2,7922
26/09/2026,03/09/2026,Tank 2,10058
26/09/2026,04/09/2026,Tank 2,0
26/09/2026,05/09/2026,Tank 2,23109
26/09/2026,06/09/2026,Tank 2,13817
26/09/2026,07/09/2026,Tank 2,0
26/09/2026,08/09/2026,Tank 2,0
26/09/2026,09/09/2026,Tank 2,8359
26/09/2026,10/09/2026,Tank 2,11974
26/09/2026,11/09/2026,Tank 2,0
26/09/2026,12/09/2026,Tank 2,10860
26/09/2026,13/09/2026,Tank 2,9957
26/09/2026,14/09/2026,Tank 2,0
26/09/2026,15/09/2026,Tank 2,11991
26/09/2026,16/09/2026,Tank 2,0
26/09/2026,17/09/2026,Tank 2,10017
26/09/2026,18/09/2026,Tank 2,15153
26/09/2026,19/09/2026,Tank 2,12360
26/09/2026,20/09/2026,Tank 2,0
26/09/2026,21/09/2026,Tank 2,11918
26/09/2026,22/09/2026,Tank 2,12629
26/09/2026,23/09/2026,Tank 2,0
26/09/2026,24/09/2026,Tank 2,14572
26/09/2026,25/09/2026,Tank 2,0
26/09/2026,26/09/2026,Tank 2,10323
26/09/2026,27/09/2026,Tank 2,0
