Snapshot Date,Tank,Day,October 2026 (L),September 2026 (L),Difference (L)
01/10/2026,Tank 1,1,0,973,-973
01/10/2026,Tank 1,2,0,36484,-36484
01/10/2026,Tank 1,3,0,22727,-22727
01/10/2026,Tank 1,4,0,0,0
01/10/2026,Tank 1,5,0,19077,-19077
01/10/2026,Tank 1,6,0,18500,-18500
01/10/2026,Tank 1,7,0,0,0
01/10/2026,Tank 1,8,0,0,0
01/10/2026,Tank 1,9,0,11917,-11917
01/10/2026,Tank 1,10,0,13202,-13202
01/10/2026,Tank 1,11,0,0,0
01/10/2026,Tank 1,12,0,12222,-12222
01/10/2026,Tank 1,13,0,19719,-19719
01/10/2026,Tank 1,14,0,0,0
01/10/2026,Tank 1,15,0,11968,-11968
01/10/2026,Tank 1,16,0,0,0
01/10/2026,Tank 1,17,0,12242,-12242
01/10/2026,Tank 1,18,0,17282,-17282
01/10/2026,Tank 1,19,0,21609,-21609
01/10/2026,Tank 1,20,0,0,0
01/10/2026,Tank 1,21,0,11797,-11797
01/10/2026,Tank 1,22,0,13229,-13229
01/10/2026,Tank 1,23,0,0,0
01/10/2026,Tank 1,24,0,17456,-17456
01/10/2026,Tank 1,25,0,0,0
01/10/2026,Tank 1,26,0,15177,-15177
01/10/2026,Tank 1,27,0,11770,-11770
01/10/2026,Tank 1,28,0,14771,-14771
01/10/2026,Tank 1,29,0,8084,-8084
01/10/2026,Tank 1,30,0,0,0
01/10/2026,Tank 2,1,0,816,-816
01/10/2026,Tank 2,2,0,7922,-7922
01/10/2026,Tank 2,3,0,10058,-10058
01/10/2026,Tank 2,4,0,0,0
01/10/2026,Tank 2,5,0,23109,-23109
01/10/2026,Tank 2,6,0,13817,-13817
01/10/2026,Tank 2,7,0,0,0
01/10/2026,Tank 2,8,0,0,0
01/10/2026,Tank 2,9,0,8359,-8359
01/10/2026,Tank 2,10,0,11974,-11974
01/10/2026,Tank 2,11,0,0,0
01/10/2026,Tank 2,12,0,10860,-10860
01/10/2026,Tank 2,13,0,9957,-9957
01/10/2026,Tank 2,14,0,0,0
01/10/2026,Tank 2,15,0,11991,-11991
01/10/2026,Tank 2,16,0,0,0
01/10/2026,Tank 2,17,0,10017,-10017
01/10/2026,Tank 2,18,0,15153,-15153
01/10/2026,Tank 2,19,0,12360,-12360
01/10/2026,Tank 2,20,0,0,0
01/10/2026,Tank 2,21,0,11918,-11918
01/10/2026,Tank 2,22,0,12629,-12629
01/10/2026,Tank 2,23,0,0,0
01/10/2026,Tank 2,24,0,14572,-14572
01/10/2026,Tank 2,25,0,0,0
01/10/2026,Tank 2,26,0,10323,-10323
01/10/2026,Tank 2,27,0,8043,-8043
01/10/2026,Tank 2,28,0,12424,-12424
01/10/2026,Tank 2,29,0,3082,-3082
01/10/2026,Tank 2,30,0,0,0
